Analysis,Sample ID,Sample Type,Standard Sample Type,Collection Date,Gear Type,Sex,Tissue Type (Gonad or Muscle),Number in gear type,Mass (mg),% N,N (umoles),d15N,%C,C (umoles),d13C,C/N (Molar),Date Run,Comments
18373,21302,scallop,WFG9,7,W,F,G,9,1.023,9.53,6.89,6.93,40.36,33.8,-20.32,4.91,8/31/23,"seem like they were trial runs during training, match sample ID with sample type"
18374,21303,scallop,WFM1,7,W,F,M,1,1.568,8.62,9.55,6.87,34.57,44.38,-17.25,4.65,8/31/23,"seem like they were trial runs during training, match sample ID with sample type"
18378,bypass,Glutamic Acid,Glutamic Acid,,,,,,0.806,9.88,5.47,-4.53,42.09,27.02,-26.25,4.94,9/1/23,
18380,17320,Glutamic Acid,Glutamic Acid,,,,,,0.637,9.51,4.24,-4.35,40.78,21.15,-26.34,4.99,9/1/23,
18381,2992,Caffeine,Caffeine,,,,,,0.298,28.91,6.03,-12.36,50.24,12.19,-30.94,2.02,9/1/23,
18382,5676,Cod Meat,Cod Meat,,,,,,0.809,14.28,8.09,13.84,45.38,29.89,-18.67,3.7,9/1/23,
18383,21227,CFM7,CFM7,6,C,F,M,7,0.973,8.82,6.01,8.55,32.15,25.47,-17.66,4.24,9/1/23,
18384,21228,CFG7,CFG7,6,C,F,G,7,0.636,11.25,5.01,7.91,38.01,19.68,-18.13,3.93,9/1/23,
18385,21229,CMM8,CMM8,6,C,M,M,8,1.043,9.47,6.92,7.74,35.65,30.27,-17.67,4.38,9/1/23,
18386,21230,CMG8,CMG8,6,C,M,G,8,0.981,12.81,8.8,6.36,36.28,28.98,-17.18,3.29,9/1/23,
18387,21231,CFM9,CFM9,6,C,F,M,9,1.353,8.88,8.41,8.57,35.48,39.08,-17.42,4.65,9/1/23,
18388,21269,NFM10,NFM10,7,N,F,M,10,0.903,9.42,5.95,8.7,36.62,26.92,-17.92,4.52,9/1/23,
18389,21270,NFG10,NFG10,7,N,F,G,10,0.666,10.7,4.99,7.59,39.05,21.17,-19.53,4.24,9/1/23,
18390,21271,CMM1,CMM1,7,C,M,M,1,1.164,8.88,7.23,8.12,37.36,35.4,-17.51,4.89,9/1/23,
18391,21272,CMG1,CMG1,7,C,M,G,1,1.177,12.18,10.03,7.01,36.35,34.83,-18.15,3.47,9/1/23,
18392,21273,CMM2,CMM2,7,C,M,M,2,0.818,11.25,6.44,7.6,37.63,25.06,-17.68,3.89,9/1/23,
18393,21274,CMG2,CMG2,7,C,M,G,2,1.149,12.14,9.76,6.88,35.69,33.39,-18.52,3.42,9/1/23,
18394,21275,CMM3,CMM3,7,C,M,M,3,0.819,9.13,5.24,7.96,36.36,24.25,-17.81,4.63,9/1/23,
18395,21276,CMG3,CMG3,7,C,M,G,3,0.876,10.67,6.54,6.86,35.78,25.52,-17.87,3.9,9/1/23,
18396,21277,CMM4,CMM4,7,C,M,M,4,1.109,9.01,7,7.96,35.12,31.71,-18.08,4.53,9/1/23,
18397,21278,CMG4,CMG4,7,C,M,G,4,1.419,11.94,11.86,6.93,35.38,40.87,-18.03,3.45,9/1/23,
18398,21279,CFM5,CFM5,7,C,F,M,5,1.547,8.54,9.25,7.92,32.23,40.59,-17.52,4.39,9/1/23,
18399,17320,Glutamic Acid,Glutamic Acid,,,,,,0.378,10.28,2.72,-4.67,44.42,13.67,-26.42,5.02,9/1/23,
18400,2992,Caffeine,Caffeine,,,,,,0.141,26.12,2.58,-11.98,45.58,5.23,-30.93,2.03,9/1/23,
18401,5676,Cod Meat,Cod Meat,,,,,,0.509,14.05,5.01,13.64,45,18.65,-18.69,3.72,9/1/23,
18402,21280,CFG5,CFG5,7,C,F,G,5,0.535,8.93,3.34,6.01,35.04,15.26,-19.15,4.56,9/1/23,
18403,21281,CFM6,CFM6,7,C,F,M,6,0.952,9.78,6.52,8.34,34.98,27.11,-17.91,4.16,9/1/23,
18404,21282,CFG6,CFG6,7,C,F,G,6,0.613,10.25,4.4,7.5,35.89,17.91,-18.17,4.07,9/1/23,
18405,21283,CFM7,CFM7,7,C,F,M,7,1.004,7.87,5.53,7.99,32.97,26.95,-18.11,4.87,9/1/23,
18406,21284,CFG7,CFG7,7,C,F,G,7,1.452,9.51,9.66,7.85,35.37,41.81,-19.29,4.33,9/1/23,
18407,21285,WMM1,WMM1,7,W,M,M,1,1.098,9.78,7.52,8.03,36.93,33.02,-17.64,4.39,9/1/23,
18408,21286,WMG1,WMG1,7,W,M,G,1,1.368,11.9,11.4,6.04,34.74,38.69,-18.24,3.39,9/1/23,
18409,21287,WMM2,WMM2,7,W,M,M,2,0.992,7.49,5.2,7.16,32.67,26.38,-17.76,5.07,9/1/23,
18410,21288,WMG2,WMG2,7,W,M,G,2,0.879,8.49,5.23,5.47,25.42,18.19,-18.36,3.48,9/1/23,
18411,21289,WMM3,WMM3,7,W,M,M,3,1.087,8.5,6.47,8.01,35.15,31.1,-17.74,4.81,9/1/23,
18412,21290,WMG3,WMG3,7,W,M,G,3,0.92,11.66,7.51,6.52,35.28,26.42,-18.47,3.52,9/1/23,
18413,21291,WMM4,WMM4,7,W,M,M,4,1.029,7.89,5.68,7.99,37.42,31.35,-17.75,5.52,9/1/23,
18414,21292,WMG4,WMG4,7,W,M,G,4,0.758,11.49,6.1,6.2,36.88,22.76,-18.59,3.73,9/1/23,
18415,21293,WMM5,WMM5,7,W,M,M,5,0.667,9.23,4.31,7.47,37.08,20.14,-17.75,4.67,9/1/23,
18416,21294,WMG5,WMG5,7,W,M,G,5,0.922,12.27,7.92,5.83,35.71,26.8,-18.14,3.38,9/1/23,
18417,21295,WFM6,WFM6,7,W,F,M,6,0.792,9.1,5.05,7.12,33.52,21.61,-17.73,4.28,9/1/23,
18418,21296,WFG6,WFG6,7,W,F,G,6,0.676,9.89,4.68,6.6,38.11,20.97,-19.58,4.48,9/1/23,
18419,21297,WFM7,WFM7,7,W,F,M,7,1.113,9.98,7.77,7.32,37.43,33.92,-17.72,4.36,9/1/23,
18420,21298,WFG7,WFG7,7,W,F,G,7,0.944,10.21,6.75,6.83,34.4,26.44,-18.56,3.92,9/1/23,
18421,21299,WFM8,WFM8,7,W,F,M,8,1.013,9.08,6.44,7.34,35.58,29.35,-17.59,4.56,9/1/23,
18422,21300,WFG8,WFG8,7,W,F,G,8,0.61,9.54,4.08,6.4,37.99,18.87,-19.86,4.63,9/1/23,
18423,21301,WFM9,WFM9,7,W,F,M,9,0.549,9.88,3.8,6.97,37.56,16.79,-17.87,4.42,9/1/23,
18424,17320,Glutamic Acid,Glutamic Acid,,,,,,0.558,9.33,3.65,-4.65,40.58,18.44,-26.35,5.06,9/1/23,
18425,2992,Caffeine,Caffeine,,,,,,0.263,24.64,4.54,-12.29,42.92,9.19,-30.98,2.03,9/1/23,
18426,5676,Cod Meat,Cod Meat,,,,,,0.868,13.98,8.5,13.77,45.23,31.96,-18.55,3.76,9/1/23,
18428,17320,Glutamic Acid,Glutamic Acid,,,,,,0.393,9.51,2.73,-4.35,40.78,13.38,-26.47,4.9,9/5/23,
18429,2992,Caffeine,Caffeine,,,,,,0.224,28.56,4.67,-12.08,49.54,9.27,-31,1.98,9/5/23,
18430,5676,Cod Meat,Cod Meat,,,,,,0.946,14.08,9.72,13.92,45.22,35.72,-18.59,3.67,9/5/23,
18431,21232,CFG 9,CFG9,6,C,F,G,9,0.524,10.91,4.17,7.93,37.2,16.27,-18.45,3.9,9/5/23,
18432,21233,CMM 10,CMM10,6,C,M,M,10,1.179,9.49,8.17,8.28,35.97,35.41,-17.82,4.33,9/5/23,
18433,21234,CMG 10,CMG10,6,C,M,G,10,1.417,11.16,11.55,7.41,36.37,43.03,-17.76,3.73,9/5/23,
18434,21235,WMM 1,WMM1,6,W,M,M,1,1.289,9.77,9.2,7.9,37.12,39.96,-17.95,4.34,9/5/23,
18435,21236,WMG 1,WMG1,6,W,M,G,1,0.911,11.84,7.87,5.67,35.61,27.09,-17.98,3.44,9/5/23,
18436,21237,WMM 2,WMM2,6,W,M,M,2,0.818,8.59,5.13,7.48,37.13,25.36,-17.65,4.94,9/5/23,
18437,21238,WMG 2,WMG2,6,W,M,G,2,0.818,12.1,7.23,5.69,35.86,24.49,-17.78,3.39,9/5/23,
18438,21239,WMM 3,WMM3,6,W,M,M,3,0.959,9.2,6.44,7.42,36.71,29.39,-17.78,4.56,9/5/23,
18439,21240,WMG 3,WMG3,6,W,M,G,3,1.377,11.79,11.85,5.26,35.32,40.61,-17.8,3.43,9/5/23,
18440,21241,WMM 4,WMM4,6,W,M,M,4,1.187,7.83,6.78,8.21,36.74,36.41,-17.38,5.37,9/5/23,
18441,21242,WMG 4,WMG4,6,W,M,G,4,0.753,10.84,5.96,6.52,33.11,20.82,-18.07,3.49,9/5/23,
18442,21243,WFM 5,WFM5,6,W,F,M,5,1.478,8.56,9.24,7.8,36.51,45.06,-17.48,4.88,9/5/23,
18443,21244,WFG 5,WFG5,6,W,F,G,5,1.452,8.11,8.59,7.5,36.4,44.13,-19.31,5.14,9/5/23,
18444,21245,WFM 6,WFM6,6,W,F,M,6,1.359,8.26,8.2,7.8,34.1,38.69,-17.82,4.72,9/5/23,
18445,21246,WFG 6,WFG6,6,W,F,G,6,0.848,9.57,5.92,6.51,36.9,26.13,-19.07,4.41,9/5/23,
18446,21247,WFM 7,WFM7,6,W,F,M,7,1.09,8.07,6.42,7.67,32.17,29.28,-17.35,4.56,9/5/23,
18447,17320,Glutamic Acid,Glutamic Acid,,,,,,0.505,9.27,3.42,-4.23,40.63,17.13,-26.35,5.02,9/5/23,
18448,2992,Caffeine,Caffeine,,,,,,0.342,27.85,6.95,-12.35,48.75,13.92,-30.89,2,9/5/23,
18449,5676,Cod Meat,Cod Meat,,,,,,0.905,13.58,8.97,13.57,44.08,33.31,-18.63,3.71,9/5/23,
18450,21248,WFG 7,WFG7,6,W,F,G,7,0.758,9.11,5.04,5.37,38.07,24.09,-19,4.78,9/5/23,
18451,21249,WFM 8,WFM8,6,W,F,M,8,0.682,8.68,4.32,7.57,34.84,19.84,-17.57,4.59,9/5/23,
18452,21250,WFG 8,WFG8,6,W,F,G,8,0.924,10.18,6.87,7.91,38.47,29.68,-18.41,4.32,9/5/23,
18453,21251,NMM 1,NMM1,7,N,M,M,1,0.861,9.01,5.66,8.42,36.22,26.04,-17.7,4.6,9/5/23,
18454,21252,NMG 1,NMG1,7,N,M,G,1,1.554,11.42,12.96,6.54,34.24,44.43,-18.96,3.43,9/5/23,
18455,21253,NMM 2,NMM2,7,N,M,M,2,0.51,10.5,3.91,7.71,35.67,15.19,-18.06,3.88,9/5/23,
18456,21254,NMG 2,NMG2,7,N,M,G,2,1.441,12.11,12.74,6.71,35.73,42.99,-18.52,3.37,9/5/23,
18457,21255,NMM 3,NMM3,7,N,M,M,3,0.562,8.77,3.6,8.11,36.89,17.31,-18.02,4.81,9/5/23,
18458,21256,NMG 3,NMG3,7,N,M,G,3,1.093,12.02,9.59,6.13,35.71,32.59,-19,3.4,9/5/23,
18459,21257,NMM 4,NMM4,7,N,M,M,4,0.811,10.38,6.15,8.54,36.12,24.46,-17.96,3.98,9/5/23,
18460,21258,NMG 4,NMG4,7,N,M,G,4,0.744,12.04,6.54,6.75,37.14,23.07,-19.18,3.53,9/5/23,
18461,21259,NMM 5,NMM5,7,N,M,M,5,1.237,9.72,8.77,8.28,37.37,38.6,-17.87,4.4,9/5/23,
18462,21260,NMG 5,NMG5,7,N,M,G,5,1.223,11.19,9.99,6.32,33.94,34.66,-19.26,3.47,9/5/23,
18463,21261,NFM 6,NFM6,7,N,F,M,6,0.813,9.28,5.51,8.45,35.83,24.32,-18.31,4.42,9/5/23,
18464,21262,NFG 6,NFG6,7,N,F,G,6,1.224,10.29,9.2,7.35,38.49,39.34,-19.68,4.28,9/5/23,
18465,21263,NFM 7,NFM7,7,N,F,M,7,1.371,9.36,9.37,8.27,35.63,40.79,-17.56,4.35,9/5/23,
18466,21264,NFG 7,NFG7,7,N,F,G,7,1.519,10.07,11.17,7.72,37.95,48.13,-19.42,4.31,9/5/23,
18467,21265,NFM 8,NFM8,7,N,F,M,8,1.099,9.53,7.65,8.19,36.22,33.24,-17.68,4.35,9/5/23,
18468,21266,NFG 8,NFG8,7,N,F,G,8,0.964,8.57,6.03,7.7,36.2,29.14,-20.27,4.83,9/5/23,
18469,21267,NFM 9,NFM9,7,N,F,M,9,1.488,6.81,7.4,8.44,31.04,38.57,-18.43,5.21,9/5/23,
18470,21268,NFG 9,NFG9,7,N,F,G,9,1.493,9.87,10.76,7.53,39.08,48.72,-20.08,4.53,9/5/23,
18471,21269,WFG 10,WFG10,7,W,F,G,10,1.184,9.05,7.82,6.21,34.68,34.29,-18.84,4.38,9/5/23,
18472,17320,Glutamic Acid,Glutamic Acid,,,,,,0.326,9.16,2.18,-4.84,40.69,11.08,-26.31,5.08,9/5/23,
18473,2992,Caffeine,Caffeine,,,,,,0.316,25.99,5.99,-12.36,45.89,12.11,-30.89,2.02,9/5/23,
18474,5676,Cod Meat,Cod Meat,,,,,,0.522,13.83,5.27,13.69,45.26,19.73,-18.65,3.74,9/5/23,
18476,17320,Glutamic Acid,Glutamic Acid,,,,,,0.357,9.51,2.46,-4.41,40.78,12.16,-26.32,4.93,9/6/23,
18477,2992,Caffeine,Caffeine,,,,,,0.211,28.48,4.36,-12.23,49.73,8.76,-30.84,2.01,9/6/23,
18478,5676,Cod Meat,Cod Meat,,,,,,0.615,14.16,6.32,13.77,45.59,23.42,-18.61,3.71,9/6/23,
18479,21195,NFM 1,NFM1,6,N,F,M,1,0.844,10.07,6.17,8.88,37.95,26.75,-17.73,4.34,9/6/23,
18480,21196,NFG 1,NFG1,6,N,F,G,1,0.501,11.91,4.33,8.37,39.5,16.53,-18.34,3.82,9/6/23,
18481,21197,NFM 2,NFM2,6,N,F,M,2,0.707,8.88,4.55,8.48,38.26,22.59,-17.93,4.96,9/6/23,
18482,21198,NFG 2,NFG2,6,N,F,G,2,0.533,11.37,4.4,7.25,38.01,16.92,-18.19,3.85,9/6/23,
18483,21199,NFM 3,NFM3,6,N,F,M,3,0.772,10.03,5.62,8.43,37.71,24.32,-17.98,4.33,9/6/23,
18484,21200,NFG 3,NFG3,6,N,F,G,3,0.708,12.22,6.28,7.64,39.54,23.38,-18.23,3.72,9/6/23,
18485,21201,NMM 4,NMM4,6,N,M,M,4,0.783,9.32,5.3,8.66,37.72,24.67,-17.84,4.66,9/6/23,
18486,21202,NMG 4,NMG4,6,N,M,G,4,0.72,11.89,6.21,7.31,36.63,22.03,-17.85,3.55,9/6/23,
18487,21203,NFM 5,NFM5,6,N,F,M,5,0.741,10.04,5.4,8.52,38.1,23.58,-17.6,4.37,9/6/23,
18488,21204,NFG 5,NFG5,6,N,F,G,5,0.65,11.24,5.3,7.55,39.74,21.58,-18.8,4.07,9/6/23,
18489,21205,NMM 6,NMM6,6,N,M,M,6,0.541,9.41,3.69,8.09,37.62,17,-18.03,4.6,9/6/23,
18490,21206,NMG 6,NMG6,6,N,M,G,6,0.747,11.58,6.28,6,34.71,21.66,-18.22,3.45,9/6/23,
18491,21207,NFM 7,NFM7,6,N,F,M,7,0.973,10.12,7.15,8.59,37.84,30.75,-17.72,4.3,9/6/23,
18492,21208,NFG 7,NFG7,6,N,F,G,7,0.635,10.9,5.02,7.65,40.13,21.28,-19.1,4.24,9/6/23,
18493,21209,NMM 8,NMM8,6,N,M,M,8,0.661,9.2,4.42,8.28,35.56,19.63,-17.95,4.45,9/6/23,
18494,21210,NMG 8,NMG8,6,N,M,G,8,1.129,11.83,9.69,6.91,35.26,33.25,-17.99,3.43,9/6/23,
18495,17320,Glutamic Acid,Glutamic Acid,,,,,,0.632,9.22,4.23,-4.55,40.53,21.39,-26.38,5.06,9/6/23,15N noisy
18496,2992,Caffeine,Caffeine,,,,,,0.146,23.69,2.51,-12.59,42.34,5.16,-30.98,2.06,9/6/23,15N noisy
18497,5676,Cod Meat,Cod Meat,,,,,,0.781,13.89,7.87,13.68,45.35,29.58,-18.62,3.76,9/6/23,15N noisy
18498,21211,NMM 9,NMM9,6,N,M,M,9,1.199,9.07,7.89,7.94,36.01,36.06,-17.96,4.57,9/6/23,15N noisy
18499,21212,NMG 9,NMG9,6,N,M,G,9,1.586,12.1,13.92,6.46,35.55,47.08,-18.15,3.38,9/6/23,15N noisy
18500,21213,NMM 10,NMM10,6,N,M,M,10,0.846,9.01,5.53,8.37,36.53,25.81,-17.84,4.67,9/6/23,15N noisy
18501,21214,NMG 10,NMG10,6,N,M,G,10,1.009,11.92,8.73,6.44,35.15,29.62,-17.82,3.39,9/6/23,15N noisy
18502,21215,CMM 1,CMM1,6,C,M,M,1,0.559,9.57,3.88,8.18,35.72,16.68,-17.21,4.29,9/6/23,15N noisy
18503,21216,CMG 1,CMG1,6,C,M,G,1,1.307,11.74,11.13,6.2,35.68,38.95,-17.48,3.5,9/6/23,15N noisy
18504,21217,CFM 2,CFM2,6,C,F,M,2,1.324,9.49,9.11,8.27,36.29,40.13,-17.23,4.4,9/6/23,15N noisy
18505,21218,CFG 2,CFG2,6,C,F,G,2,0.637,11.71,5.41,7.66,38.71,20.6,-17.91,3.81,9/6/23,15N noisy
18506,21219,CFM 3,CFM3,6,C,F,M,3,1.577,8.59,9.83,8.03,34.87,45.93,-17.19,4.67,9/6/23,15N noisy
18507,21220,CFG 3,CFG3,6,C,F,G,3,0.978,10.84,7.69,8.07,36.7,29.97,-17.59,3.9,9/6/23,15N noisy
18508,21221,CFM 4,CFM4,6,C,F,M,4,0.8,9.61,5.58,8.76,36.73,24.54,-17.11,4.4,9/6/23,15N noisy
18509,21222,CFG 4,CFG4,6,C,F,G,4,0.779,10.19,5.76,7.51,37.17,24.18,-18.61,4.2,9/6/23,15N noisy
18510,21223,CMM 5,CMM5,6,C,M,M,5,1.007,8.59,6.28,8.01,36.34,30.57,-17.9,4.87,9/6/23,15N noisy
18511,21224,CMG 5,CMG5,6,C,M,G,5,0.862,11.7,7.32,6.52,34.91,25.13,-18.05,3.44,9/6/23,15N noisy
18512,21225,CFM 6,CFM6,6,C,F,M,6,0.703,8.79,4.48,7.98,36.34,21.34,-17.8,4.76,9/6/23,15N noisy
18513,21226,CFG 6,CFG6,6,C,F,G,6,0.758,10.35,5.69,7.26,37.95,24.03,-18.51,4.22,9/6/23,15N noisy
18514,21476,CAGE 7.13.23 .25 FILTER 2L,CAGE 7.13.23 .25 FILTER 2L,7,CF,,F,,0,0,1.13,4.51,0,7.78,-23.28,6.87,9/6/23,15N noisy
18515,21477,NET 7.13.23 .25 FILTER 2L,NET 7.13.23 .25 FILTER 2L,7,NF,,F,,0,0,1.01,5.89,0,7.48,-24.08,7.43,9/6/23,15N noisy
18516,21478,WILD 7.13.23 .25 FILTER 2L,WILD 7.13.23 .25 FILTER 2L,7,WF,,F,,0,0,1.35,11.36,0,9.05,-23.28,6.72,9/6/23,15N noisy
18517,21479,CAGE 6.15.23 .25 FILTER 4L,CAGE 6.15.23 .25 FILTER 4L,6,CF,,F,,0,0,2.59,4.77,0,20.29,-22.09,7.83,9/6/23,15N noisy
18518,21480,NET 6.15.23 .25 FILTER 4L,NET 6.15.23 .25 FILTER 4L,6,NF,,F,,0,0,3.93,4.72,0,28.69,-22.53,7.31,9/6/23,15N noisy
18519,21481,WILD 6.15.23 .5 FILTER 4L,WILD 6.15.23 .5 FILTER 4L,6,WF,,F,,0,0,4.24,7.77,0,34.22,-22.25,8.06,9/6/23,15N noisy
18520,17320,Glutamic Acid,Glutamic Acid,,,,,,0.862,9.44,5.9,-0.67,40.76,29.34,-26.41,4.97,9/6/23,enriched δ15N/14N suspect poor combustion due to buildup in ash trap
18521,2992,Caffeine,Caffeine,,,,,,0.373,27.63,7.48,-11.96,49.75,15.5,-30.96,2.07,9/6/23,15N noisy
18522,5676,Cod Meat,Cod Meat,,,,,,0.512,14.1,5.24,15.88,45.88,19.62,-18.64,3.74,9/6/23,enriched δ15N/14N suspect poor combustion due to buildup in ash trap
18671,bypass,Glutamic Acid,Glutamic Acid,,,,,,1.36,9.51,9.86,-4.1,40.78,46.75,-26.21,4.74,9/12/23,
18673,17320,Glutamic Acid,Glutamic Acid,,,,,,0.507,9.51,3.64,-3.71,40.78,17.25,-26.28,4.74,9/12/23,
18674,2992,Caffeine,Caffeine,,,,,,0.396,21.37,6.39,-11.87,36.45,12.05,-30.98,1.88,9/12/23,
18675,5676,Cod Meat,Cod Meat,,,,,,0.518,14.26,5.58,14.53,46.39,20.06,-18.82,3.59,9/12/23,
18676,21195,NFM 1,NFM1,6,N,F,M,1,0.856,9.82,6.35,9.32,36.69,26.21,-17.56,4.13,9/12/23,
18677,21196,NFG 1,NFG1,6,N,F,G,1,0.491,11.24,4.17,8.74,37.62,15.42,-18.2,3.7,9/12/23,
18678,21197,NFM 2,NFM2,6,N,F,M,2,1.539,8.66,10.07,9.17,37.97,48.77,-17.76,4.84,9/12/23,
18679,21198,NFG 2,NFG2,6,N,F,G,2,0.639,9.86,4.76,6.32,38.8,20.69,-18.79,4.35,9/12/23,
18680,21199,NFM 3,NFM3,6,N,F,M,3,1.008,9.92,7.55,9.01,37.38,31.44,-17.9,4.16,9/12/23,
18681,21200,NFG 3,NFG3,6,N,F,G,3,0.628,11.65,5.53,7.71,38.96,20.42,-18.25,3.69,9/12/23,
18682,21201,NMM 4,NMM4,6,N,M,M,4,1.11,9.52,7.99,9,38.06,35.26,-17.77,4.41,9/12/23,
18683,21202,NMG 4,NMG4,6,N,M,G,4,0.533,12.02,4.84,7.08,37.32,16.6,-17.85,3.43,9/12/23,
18684,21203,NFM 5,NFM5,6,N,F,M,5,0.355,9.76,2.62,8.01,37.41,11.08,-17.48,4.23,9/12/23,
18685,21204,NFG 5,NFG5,6,N,F,G,5,1.04,11.06,8.69,7.92,40.06,34.77,-18.65,4,9/12/23,
18686,21205,NMM 6,NMM6,6,N,M,M,6,0.854,9.07,5.85,8.32,37.7,26.87,-17.86,4.59,9/12/23,
18687,21206,NMG 6,NMG6,6,N,M,G,6,0.862,11.38,7.41,5.89,34.7,24.96,-18.26,3.37,9/12/23,
18688,21207,NFM 7,NFM7,6,N,F,M,7,0.963,8.64,6.28,8.37,36.42,29.27,-17.52,4.66,9/12/23,
18689,21208,NFG 7,NFG7,6,N,F,G,7,0.388,10.42,3.06,7.8,39.77,12.88,-18.99,4.22,9/12/23,
18690,21209,NMM 8,NMM8,6,N,M,M,8,0.559,9.17,3.87,7.9,37.72,17.6,-17.83,4.54,9/12/23,
18691,21210,NMG 8,NMG8,6,N,M,G,8,0.824,11.23,6.99,6.43,35.08,24.12,-18.14,3.45,9/12/23,
18692,21211,NMM 9,NMM9,6,N,M,M,9,1.555,9.06,10.64,7.9,36.57,47.46,-17.92,4.46,9/12/23,
18693,21212,NMG 9,NMG9,6,N,M,G,9,1.32,11.86,11.83,6.32,35.59,39.21,-18.17,3.31,9/12/23,
18694,21213,NMM 10,NMM10,6,N,M,M,10,0.689,8.9,4.63,8.14,36.42,20.94,-17.67,4.52,9/12/23,
18695,17320,Glutamic Acid,Glutamic Acid,,,,,,0.546,8.8,3.63,-4.77,40.46,18.44,-26.3,5.08,9/12/23,
18696,2992,Caffeine,Caffeine,,,,,,0.171,27.37,3.54,-12.36,49.49,7.06,-30.98,2,9/12/23,
18697,5676,Cod Meat,Cod Meat,,,,,,0.466,13.45,4.74,13.59,45.13,17.55,-18.55,3.71,9/12/23,
18698,21214,NMG 10,NMG10,6,N,M,G,10,0.827,11.4,7.12,6.45,35.25,24.33,-17.66,3.41,9/12/23,
18699,21215,CMM 1,CMM1,6,C,M,M,1,1.624,8.68,10.65,7.98,37.57,50.92,-17.16,4.78,9/12/23,
18700,21216,CMG 1,CMG1,6,C,M,G,1,1.192,11.07,9.97,6.27,35.26,35.08,-17.52,3.52,9/12/23,
18701,21217,CFM 2,CFM2,6,C,F,M,2,0.655,9.26,4.58,8.15,37.07,20.26,-17.26,4.42,9/12/23,
18702,21218,CFG 2,CFG2,6,C,F,G,2,0.937,10.93,7.74,7.44,37.64,29.43,-17.94,3.8,9/12/23,
18703,21219,CFM 3,CFM3,6,C,F,M,3,0.839,8.14,5.16,8.14,33.33,23.34,-17.21,4.52,9/12/23,
18704,21220,CFG 3,CFG3,6,C,F,G,3,0.528,9.98,3.98,8.32,36.34,16.01,-17.87,4.02,9/12/23,
18705,21221,CFM 4,CFM4,6,C,F,M,4,0.727,8.4,4.61,8.44,36.72,22.28,-17.23,4.83,9/12/23,
18706,21222,CFG 4,CFG4,6,C,F,G,4,0.769,9.69,5.63,7.26,37.07,23.79,-18.54,4.22,9/12/23,
18707,21223,CMM 5,CMM5,6,C,M,M,5,1.002,8.26,6.25,7.93,36.45,30.48,-17.84,4.87,9/12/23,
18708,21224,CMG 5,CMG5,6,C,M,G,5,0.627,10.99,5.2,6.61,34.86,18.24,-18.1,3.51,9/12/23,
18709,21225,CFM 6,CFM6,6,C,F,M,6,0.732,8.15,4.51,7.51,35.01,21.39,-17.6,4.75,9/12/23,
18710,21226,CFG 6,CFG6,6,C,F,G,6,0.418,9.6,3.03,7.35,37.55,13.1,-18.41,4.32,9/12/23,
18711,21479,CAGE 6.15.23 .25 FILTER 4L,CAGE 6.15.23 .25 FILTER 4L,6,CF,,F,,,0,3.2,5.02,0,25.41,-22.08,7.93,9/12/23,
18712,21480,NET 6.15.23 .25 FILTER 4L,NET 6.15.23 .25 FILTER 4L,6,NF,,F,,,0,4.92,5.37,0,36.72,-22.45,7.46,9/12/23,
18713,21481,WILD 6.15.23 .5 FILTER 4L,WILD 6.15.23 .5 FILTER 4L,6,WF,,F,,,0,2.58,8.42,0,20.63,-21.21,7.99,9/12/23,
18714,21476,CAGE 7.13.23 .25 FILTER 4L,CAGE 7.13.23 .25 FILTER 4L,7,CF,,F,,,0,1.43,5.42,0,10.95,-23.13,7.63,9/12/23,
18715,21477,NET 7.13.23 .25 FILTER 4L,NET 7.13.23 .25 FILTER 4L,7,NF,,F,,,0,1,5.1,0,8.19,-23.52,8.19,9/12/23,
18716,21478,WILD 7.13.23 .5 FILTER 4L,WILD 7.13.23 .5 FILTER 4L,7,WF,,F,,,0,1.11,4.62,0,8.73,-23.07,7.84,9/12/23,
18717,17320,Glutamic Acid,Glutamic Acid,,,,,,0.708,8.68,4.64,-5.01,40.45,23.9,-26.37,5.15,9/12/23,
18718,2992,Caffeine,Caffeine,,,,,,0.419,27.23,8.62,-12.72,49.17,17.19,-30.98,1.99,9/12/23,
18719,5676,Cod Meat,Cod Meat,,,,,,0.784,13.44,7.96,12.99,45.4,29.71,-18.6,3.73,9/12/23,
19012,Bypass,Glutamic Acid,Glutamic Acid,,,,,,1.061,9.56,7.47,-4.1,39.86,35.31,-26.38,4.72,11/6/23,
19014,17320,Glutamic Acid,Glutamic Acid,,,,,,0.593,9.51,4.14,-3.92,40.78,20.06,-26.39,4.85,11/6/23,
19015,2992,Caffeine,Caffeine,,,,,,0.201,28.82,4.25,-11.43,49.74,8.3,-30.97,1.95,11/6/23,
19016,5676,Cod Meat,Cod Meat,,,,,,0.573,14.43,6.07,14.36,45.87,21.81,-18.67,3.59,11/6/23,
19017,21630,8CMM1,CMM1,8,C,M,M,1,0.763,9.99,5.59,8.38,36.58,23.15,-18.15,4.14,11/6/23,
19018,21631,8CMG1,CMG1,8,C,M,G,1,0.728,12.69,6.78,7.35,37.14,22.44,-18.22,3.31,11/6/23,
19019,21632,8CMM2,CMM2,8,C,M,M,2,0.61,9.69,4.34,8.49,36.86,18.65,-18.03,4.3,11/6/23,
19020,21633,8CMG2,CMG2,8,C,M,G,2,0.832,12.24,7.47,6.71,38.11,26.31,-18.4,3.52,11/6/23,
19021,21634,8CMM3,CMM3,8,C,M,M,3,0.686,10.27,5.17,8.13,38.88,22.13,-17.75,4.28,11/6/23,
19022,21638,8CFM5,CFM5,8,C,F,M,5,0.677,9.34,4.64,7.93,36.17,20.32,-18.13,4.38,11/6/23,
19023,21640,8CFM6,CFM6,8,C,F,M,6,0.718,11.05,5.82,7.52,39.01,23.24,-17.88,3.99,11/6/23,
19024,21641,8CFG6,CFG6,8,C,F,G,6,1.103,10.43,8.44,7.69,38.8,35.51,-19.2,4.21,11/6/23,
19025,21642,6CFM7,CFM7,6,C,F,M,7,1.153,8.44,7.14,7.83,36.42,34.85,-18.22,4.88,11/6/23,
19026,21643,8CFG7,CFG7,8,C,F,G,7,1.446,12.46,13.22,8.06,42.68,51.2,-18.27,3.87,11/6/23,
19027,21644,8CFM8,CFM8,8,C,F,M,8,0.815,9.05,5.41,8.08,37.48,25.34,-17.94,4.68,11/6/23,
19028,21645,8CFG8,CFG8,8,C,F,G,8,0.663,11.37,5.53,7.79,41.44,22.79,-18.65,4.12,11/6/23,
19029,21646,8CFM9,CFM9,8,C,F,M,9,1.103,10.25,8.3,7.61,38.27,35.02,-17.91,4.22,11/6/23,
19030,21647,8CFG9,CFG9,8,C,F,G,9,0.468,11.53,3.96,7.63,43.21,16.78,-18.73,4.24,11/6/23,
19031,21648,8NMM1,NMM1,8,N,M,M,1,0.551,8.31,3.36,7.66,36.74,16.8,-17.99,5,11/6/23,
19032,24649,8NMG1,NMG1,8,N,M,G,1,0.834,11.91,7.29,6.46,36.87,25.52,-18.88,3.5,11/6/23,"pretty sure sample ID is a typo, should be 21649"
19033,21650,8NMM2,NMM2,8,N,M,M,2,0.892,9.47,6.2,7.77,37.72,27.91,-18.12,4.5,11/6/23,
19034,21651,8NMG2,NMG2,8,N,M,G,2,0.587,13.42,5.78,6.09,41.56,20.24,-18.65,3.5,11/6/23,
19035,21652,8NMM3,NMM3,8,N,M,M,3,0.998,10.34,7.57,8.36,40.26,33.34,-17.87,4.4,11/6/23,
19036,17320,Glutamic Acid,Glutamic Acid,,,,,,0.598,8.92,3.91,-5.3,41.58,20.63,-26.26,5.27,11/6/23,
19037,2992,Caffeine,Caffeine,,,,,,0.24,27.55,4.85,-12.77,49.96,9.95,-30.87,2.05,11/6/23,
19038,5676,Cod Meat,Cod Meat,,,,,,0.806,14.02,8.29,13.33,46.38,31.02,-18.57,3.74,11/6/23,
19039,21653,8MNG3,NMG3,8,N,M,G,3,0.603,12.39,5.48,6.54,38.17,19.1,-18.59,3.48,11/6/23,
19040,21654,8NMM4,NMM4,8,N,M,M,4,1.282,10.57,9.94,7.74,37.82,40.23,-17.87,4.05,11/6/23,
19041,21655,8NMG4,NMG4,8,N,M,G,4,1.076,11.77,9.3,6.21,36.24,32.35,-18.48,3.48,11/6/23,
19042,21656,8NMM5,NMM5,8,N,M,M,5,0.677,8.27,4.11,7.53,38.03,21.36,-18.27,5.2,11/6/23,
19043,21657,8NMG5,NMG5,8,N,M,G,5,0.638,11.93,5.58,6.55,37.08,19.63,-19.04,3.52,11/6/23,
19044,21658,8NFM6,NFM6,8,N,F,M,6,0.545,9.69,3.87,7.96,40.19,18.17,-18.06,4.69,11/6/23,
19045,21659,8NFG6,NFG6,8,N,F,G,6,0.786,12.32,7.1,7.51,42.58,27.77,-18.21,3.91,11/6/23,
19046,21660,8NFM7,NFM7,8,N,F,M,7,0.783,13.83,7.95,8.12,57.62,37.43,-18.09,4.71,11/6/23,
19047,21661,8NFG7,NFG7,8,N,F,G,7,0.524,11.47,4.41,7.59,41.93,18.23,-18.96,4.13,11/6/23,
19048,21662,8NFM8,NFM8,8,N,F,M,8,1.058,8.12,6.3,7.62,41.1,36.08,-18.33,5.73,11/6/23,
19049,21663,8NFG8,NFG8,8,N,F,G,8,0.631,12.31,5.7,7.61,42.58,22.29,-18.45,3.91,11/6/23,
19050,21664,8NFM9,NFM9,8,N,F,M,9,1.01,10.73,7.95,8.28,42.1,35.28,-17.39,4.44,11/6/23,
19051,21665,8NFG9,NFG9,8,N,F,G,9,735,0.01,6.17,8.02,0.04,24.05,-18.3,3.9,11/6/23,
19052,21666,8NFM10,NFM10,8,N,F,M,10,0.647,10.03,4.76,9.04,41.74,22.41,-17.76,4.7,11/6/23,
19053,21667,8NFG10,NFG10,8,N,F,G,10,1.348,10.35,10.24,7.8,39.64,44.34,-19.26,4.33,11/6/23,
19054,21668,8WMM1,WMM1,8,W,M,M,1,0.767,8.98,5.05,7.65,42,26.73,-17.34,5.29,11/6/23,
19055,21669,8WMG1,WMG1,8,W,M,G,1,0.79,13.01,7.54,6.5,39.8,26.09,-17.7,3.46,11/6/23,
19056,21670,8WMM2,WMM2,8,W,M,M,2,0.5,9.23,3.39,8.09,40.94,16.98,-17.83,5.02,11/6/23,
19057,21671,8WMG2,WMG2,8,W,M,G,2,0.706,13.06,6.76,6.28,40.71,23.85,-18.31,3.53,11/6/23,
19058,17320,Glutamic Acid,Glutamic Acid,,,,,,0.387,9.02,2.56,-4.52,41.36,13.28,-26.24,5.18,11/6/23,
19059,2992,Caffeine,Caffeine,,,,,,0.323,28.18,6.68,-12.62,49.77,13.34,-31.07,2,11/6/23,
19060,5676,Cod Meat,Cod Meat,,,,,,0.487,13.71,4.9,13.48,46.29,18.7,-18.7,3.82,11/6/23,
19398,Bypass,Glutamic Acid,Glutamic Acid,,,,,,1.294,9.82,9.07,9.75,40.92,44.1,-26.26,4.86,11/27/23,
19400,2999,HN4 2 SO4,Ammonium Sulfate,,,,,,0.752,20.72,11.12,11.83,,,,,11/27/23,
19401,2992,Caffeine,Caffeine,,,,,,0.331,29.23,6.91,7.55,49.3,13.59,-30.88,1.97,11/27/23,
19402,5676,Cod Meat,Cod Meat,,,,,,0.648,14.17,6.55,7.19,45.4,24.5,-18.84,3.74,11/27/23,
19403,21672,8WMM3,WMM3,8,W,M,M,3,0.772,12.12,6.68,7.31,40.97,26.34,-17.71,3.94,11/27/23,
19404,21673,8WMG3,WMG3,8,W,M,G,3,1.101,13.64,10.72,11.42,38.85,35.62,-18.01,3.32,11/27/23,
19405,21674,8WMM4,WMM4,8,W,M,M,4,0.93,9.29,6.17,6.79,41.06,31.8,-17.21,5.15,11/27/23,
19406,21675,8WMG4,WMG4,8,W,M,G,4,1.034,13.65,10.08,10.77,39.11,33.68,-17.28,3.34,11/27/23,
19407,21676,8WMM5,WMM5,8,W,M,M,5,1.219,12.4,10.79,11.49,42.27,42.91,-17.45,3.98,11/27/23,
19408,21677,8WMG5,WMG5,8,W,M,G,5,0.656,12.72,5.96,6.58,37.17,20.31,-17.84,3.41,11/27/23,
19409,21678,8WFM6,WFM6,8,W,F,M,6,0.531,8.68,3.29,3.87,36.39,16.09,-17.46,4.89,11/27/23,
19410,21679,8WFG6,WFG6,8,W,F,G,6,0.607,11.88,5.15,5.75,43.15,21.81,-18.25,4.24,11/27/23,
19411,21680,8WFM7,WFM7,8,W,F,M,7,1.217,10.88,9.45,10.13,40.01,40.55,-17.74,4.29,11/27/23,
19412,21681,8WFG7,WFG7,8,W,F,G,7,0.55,12.09,4.75,5.35,40.85,18.71,-17.89,3.94,11/27/23,
19413,21682,8WFM8,WFM8,8,W,F,M,8,0.618,9.98,4.4,5,40.33,20.75,-17.65,4.72,11/27/23,
19414,21683,8WFG8,WFG8,8,W,F,G,8,0.749,11.89,6.36,6.98,38.86,24.24,-17.79,3.81,11/27/23,
19415,21684,8WFM9,WFM9,8,W,F,M,9,1.039,11.56,8.57,9.24,42.44,36.72,-17.87,4.28,11/27/23,
19416,21685,8WFG9,WFG9,8,W,F,G,9,1.018,12.55,9.12,9.8,40.87,34.64,-18,3.8,11/27/23,
19417,21686,8WFM10,WFM10,8,W,F,M,10,0.884,8.94,5.64,6.26,37.68,27.74,-17.66,4.92,11/27/23,
19418,21687,8WFG10,WFG10,8,W,F,G,10,1.399,12.64,12.63,13.36,40.83,47.57,-18.02,3.77,11/27/23,
19419,21688,9NMM1,NMM1,9,N,M,M,1,1.141,8.63,7.03,7.67,38,36.11,-18.35,5.13,11/27/23,
19420,21689,9NMG1,NMG1,9,N,M,G,1,1.006,13.6,9.77,10.46,38.7,32.42,-18.2,3.32,11/27/23,
19421,21690,9NMM2,NMM2,9,N,M,M,2,1.035,9.77,7.22,7.86,38.93,33.56,-18.12,4.65,11/27/23,
19422,2999,HN4 2 SO4,Ammonium Sulfate,,,, ,,0.407,20.62,5.99,6.61,,,,,11/27/23,
19423,2992,Caffeine,Caffeine,,,,,,0.318,28.9,6.56,7.19,49.35,13.07,-30.89,1.99,11/27/23,
19424,5676,Cod Meat,Cod Meat,,,, ,,0.631,14,6.3,6.93,45.47,23.89,-18.47,3.79,11/27/23,
19425,21691,9NMG2,NMG2,9,N,M,G,2,0.628,13.18,5.91,6.53,38.71,20.25,-17.95,3.43,11/27/23,
19426,21692,9NMM3,NMM3,9,N,M,M,3,0.521,10.76,4,4.59,39.96,17.34,-17.88,4.33,11/27/23,
19427,21693,9NMG3,NMG3,9,N,M,G,3,1.064,13.6,10.33,11.02,38.37,34,-17.97,3.29,11/27/23,
19428,21694,9NMM4,NMM4,9,N,M,M,4,0.818,9.97,5.82,6.44,40.12,27.33,-18.07,4.69,11/27/23,
19429,21695,9NMG4,NMG4,9,N,M,G,4,0.732,12.64,6.61,7.24,39.83,24.28,-18.06,3.67,11/27/23,
19430,21696,9NFM5,NFM5,9,N,F,M,5,0.876,10.45,6.54,7.17,40.6,29.61,-17.84,4.53,11/27/23,
19431,21697,9NFG5,NFG5,9,N,F,G,5,0.6,11,4.71,5.31,42.56,21.26,-18.9,4.52,11/27/23,
19432,21698,9NFM6,NFM6,9,N,F,M,6,1.075,8.91,6.84,7.47,38.04,34.05,-17.89,4.98,11/27/23,
19433,21699,9NFG6,NFG6,9,N,F,G,6,0.983,11.09,7.78,8.44,41.82,34.23,-19.01,4.4,11/27/23,
19434,21700,9NFM7,NFM7,9,N,F,M,7,1.252,9.86,8.81,9.48,39.34,41.01,-17.88,4.65,11/27/23,
19435,21701,9NFG7,NFG7,9,N,F,G,7,0.494,11.34,4,4.59,43.45,17.87,-18.92,4.47,11/27/23,
19436,21702,9NFM8,NFM8,9,N,F,M,8,0.672,10.34,4.96,5.57,37.14,20.78,-17.78,4.19,11/27/23,
19437,21703,9NFG8,NFG8,9,N,F,G,8,0.914,10.69,6.98,7.62,39.23,29.86,-18.63,4.28,11/27/23,
19438,21704,9CMM1,CMM1,9,C,M,M,1,0.733,11.27,5.9,6.52,40.18,24.52,-17.83,4.16,11/27/23,
19439,21705,9CMG1,CMG1,9,C,M,G,1,0.587,13.96,5.85,6.47,40.23,19.67,-17.54,3.36,11/27/23,
19440,21706,9CMM2,CMM2,9,C,M,M,2,0.583,10.59,4.41,5,40.04,19.44,-17.77,4.41,11/27/23,
19441,21707,9CMG2,CMG2,9,C,M,G,2,0.836,12.26,7.32,7.96,40.21,27.99,-17.32,3.83,11/27/23,
19442,21708,9CMM3,CMM3,9,C,M,M,3,0.835,9.72,5.79,6.41,36.52,25.39,-18,4.38,11/27/23,
19443,21709,9CMG3,CMG3,9,C,M,G,3,1.064,12.88,9.79,10.47,38.76,34.34,-18.45,3.51,11/27/23,
19444,2999,HN4 2 SO4,Ammonium Sulfate,,,,,,0.477,18.32,6.24,6.87,,,,,11/27/23,
19445,2992,Caffeine,Caffeine,,,,,,0.223,28.42,4.52,5.12,49.76,9.24,-30.99,2.04,11/27/23,
19446,5676,Cod Meat,Cod Meat,,,,,,0.559,13.73,5.48,6.09,45.4,21.13,-18.55,3.86,11/27/23,
19447,Bypass,Glutamic Acid,Glutamic Acid,,,,,,1.03,4.48,7.49,-4.11,40.78,35.15,-26.12,4.69,11/28/23,
19449,17320,Glutamic Acid,Glutamic Acid,,,,,,0.521,9.51,3.64,-4.82,40.78,17.62,-26.28,4.83,11/28/23,
19450,2992,Caffeine,Caffeine,,,,,,0.43,29.75,9.41,-12.08,49.56,17.67,-31.01,1.88,11/28/23,
19451,5676,Cod Meat,Cod Meat,,,,,,0.717,14.57,7.68,13.89,45.63,27.13,-18.6,3.53,11/28/23,
19452,2999,HN4 2 SO4,Ammonium Sulfate,,,,,,0.776,19.22,10.97,0.89,,,,,11/28/23,
19453,21711,9CMG4,CMG4,9,C,M,G,4,0.875,13.08,8.42,7.31,37.83,27.45,-17.62,3.26,11/28/23,
19454,21712,9CMM5,CMM5,9,C,M,M,5,0.594,9.72,4.25,8.14,37.9,18.67,-17.99,4.4,11/28/23,
19455,21713,9CMG5,CMG5,9,C,M,G,5,0.649,13.08,6.24,7.15,37.73,20.3,-17.67,3.25,11/28/23,
19456,21714,9CFM6,CFM6,9,C,F,M,6,0.843,10.57,6.56,8.17,37.35,26.11,-18.17,3.98,11/28/23,
19457,21715,9CFG6,CFG6,9,C,F,G,6,0.556,11.19,4.58,7.93,40.49,18.67,-18.52,4.08,11/28/23,
19458,21716,9CFM7,CFM7,9,C,F,M,7,1.138,12.61,10.56,8.17,39.9,37.65,-17.63,3.57,11/28/23,
19459,21717,9CFG7,CFG7,9,C,F,G,7,1.102,11.39,9.24,8.26,40.98,37.45,-18.51,4.05,11/28/23,
19460,21718,9CFM8,CFM8,9,C,F,M,8,0.806,9.21,5.46,7.92,39.34,26.29,-18.03,4.82,11/28/23,
19461,21719,9CFG8,CFG8,9,C,F,G,8,0.748,11.29,6.21,7.82,41.74,25.89,-18.61,4.17,11/28/23,
19462,21720,9CFM9,CFM9,9,C,F,M,9,0.618,9.73,4.42,8.07,39.67,20.33,-17.51,4.59,11/28/23,
19463,21721,9CFG9,CFG9,9,C,F,G,9,0.529,10.83,4.22,7.7,41.94,18.4,-18.87,4.36,11/28/23,
19464,21722,9CFM10,CFM10,9,C,F,M,10,1.117,10.23,8.41,7.89,39.18,36.29,-17.65,4.32,11/28/23,
19465,21723,9CFG10,CFG10,9,C,F,G,10,0.758,11.13,6.21,7.99,40.78,25.63,-18.48,4.13,11/28/23,
19466,21724,9WMM1,WMM1,9,W,M,M,1,0.826,11.27,6.84,7.24,37.2,25.48,-16.53,3.72,11/28/23,
19467,21725,9WMG1,WMG1,9,W,M,G,1,0.716,12.03,6.33,7.55,40.45,24.02,-17.35,3.79,11/28/23,
19468,21726,9WMM2,WMM2,9,W,M,M,2,0.641,9.92,4.68,7.67,37.5,19.93,-17.7,4.26,11/28/23,
19469,21727,9WMG2,WMG2,9,W,M,G,2,0.539,10.37,4.11,7.21,41.52,18.56,-19.09,4.51,11/28/23,
19470,21728,9WMM3,WMM3,9,W,M,M,3,1.038,10.48,8,6.89,38.01,32.71,-17.75,4.09,11/28/23,
19471,17320,Glutamic Acid,Glutamic Acid,,,,,,0.581,8.75,3.74,-4.99,40.93,19.72,-26.48,5.27,11/28/23,
19472,2992,Caffeine,Caffeine,,,,,,0.363,28.46,7.6,-12.44,49.75,14.98,-31.06,1.97,11/28/23,
19473,5676,Cod Meat,Cod Meat,,,,,,0.455,13.09,4.38,13.44,45.38,17.12,-18.64,3.91,11/28/23,
19474,2999,HN4 2 SO4,Ammonium Sulfate,,,,,,0.678,21.04,10.49,0.67,,,,,11/28/23,
19475,21730,9WMM4,WMM4,9,W,M,M,4,0.599,8.48,3.74,7.01,39.63,19.69,-17.74,5.27,11/28/23,
19476,21731,9WMG4,WMG4,9,W,M,G,4,0.723,10.56,5.62,7.01,40.39,24.22,-18.92,4.31,11/28/23,
19477,21732,9WMM5,WMM5,9,W,M,M,5,1.496,10.79,11.87,7.51,40.27,49.95,-17.26,4.21,11/28/23,
19478,21733,9WMG5,WMG5,9,W,M,G,5,1.285,11.43,10.8,7.56,42.28,45.05,-18.22,4.17,11/28/23,
19479,21734,9WFM6,WFM6,9,W,F,M,6,0.637,8.73,4.09,7.15,33.42,17.65,-17.12,4.32,11/28/23,
19480,21735,9WFG6,WFG6,9,W,F,G,6,0.549,12.32,4.98,6.71,37.84,17.22,-17.73,3.46,11/28/23,
19481,21736,9WFM7,WFM7,9,W,F,M,7,0.868,9.02,5.76,6.95,39.3,28.28,-17.97,4.91,11/28/23,
19482,21737,9WFG7,WFG7,9,W,F,G,7,0.662,12.2,5.94,6.45,38.49,21.13,-18.07,3.56,11/28/23,
19483,21738,9WFM8,WFM8,9,W,F,M,8,1.026,8.85,6.68,6.9,35.52,30.22,-17.57,4.52,11/28/23,
19484,21739,9WFG8,WFG8,9,W,F,G,8,0.645,11.94,5.67,6.13,37,19.79,-18.17,3.49,11/28/23,
19485,21740,9WFM9,WFM9,9,W,F,M,9,0.564,8,3.32,7.04,36.98,17.29,-17.79,5.21,11/28/23,
19486,21741,9WFG9,WFG9,9,W,F,G,9,0.811,12.61,7.52,6.44,37.8,25.42,-17.35,3.38,11/28/23,
19487,21742,9WFM10,WFM10,9,W,F,M,10,0.539,7.9,3.13,6.89,33.84,15.13,-17.87,4.83,11/28/23,
19488,21743,9WFG10,WFG10,9,W,F,G,10,0.542,12.64,5.04,5.72,37.95,17.06,-17.91,3.38,11/28/23,
19489,21744,10NMM1,NMM1,10,N,M,M,1,0.692,10.54,5.36,7.91,41.28,23.69,-17.91,4.42,11/28/23,
19490,21745,10NMG1,NMG1,10,N,M,M,1,0.798,11.41,6.7,7.39,37.84,25.04,-17.89,3.74,11/28/23,
19491,21746,10NMM2,NMM2,10,N,M,M,2,0.532,9.64,3.77,8.14,39.24,17.31,-18.25,4.59,11/28/23,
19492,2999,HN4 2 SO4,Ammonium Sulfate,,,,,,0.725,21.24,11.33,0.68,,,,,11/28/23,
19493,17320,Glutamic Acid,Glutamic Acid,,,,,,0.497,8.82,3.22,-4.92,41.07,16.93,-26.37,5.25,11/28/23,
19494,2992,Caffeine,Caffeine,,,,,,0.364,28.78,7.71,-12.66,49.24,14.86,-30.84,1.93,11/28/23,
19495,5676,Cod Meat,Cod Meat,,,,,,0.554,13.45,5.48,13.42,45.57,20.93,-18.71,3.82,11/28/23,
19502,Bypass,Glutamic Acid,Glutamic Acid,,,,,,0.972,10,6.79,-4.62,41.83,33.32,-26.2,4.91,11/29/23,
19504,17320,Glutamic Acid,Glutamic Acid,,,,,,0.371,9.51,2.48,-5.16,40.78,12.67,-26.56,5.11,11/29/23,
19505,2992,Caffeine,Caffeine,,,,,,0.464,30.22,9.86,-12.32,49.53,19.25,-30.94,1.95,11/29/23,
19506,5676,Cod Meat,Cod Meat,,,,,,0.521,14.37,5.26,13.47,45.53,19.86,-18.73,3.77,11/29/23,
19507,2999,HN4 2 SO4,Ammonium Sulfate,,,,,,0.768,22.03,11.89,0.81,,,,,11/29/23,
19508,21749,10NMG3,NMG3,10,N,M,G,3,0.539,13.24,5.02,6.64,38.93,17.57,-18.43,3.5,11/29/23,
19509,21750,10NMM4,NMM4,10,N,M,M,4,0.888,11.39,7.11,7.88,40.84,30.37,-17.96,4.27,11/29/23,
19510,21751,10NMG4,NMG4,10,N,M,G,4,0.621,13.2,5.76,6.68,38.87,20.22,-18.45,3.51,11/29/23,
19511,21752,10NMM5,NMM5,10,N,M,M,5,0.95,12.35,8.25,7.87,40.88,32.52,-17.55,3.94,11/29/23,
19512,21753,10NMG5,NMG5,10,N,M,G,5,1.116,12.04,9.44,7.48,38.03,35.54,-17.42,3.76,11/29/23,
19513,21754,10NFM6,NFM6,10,N,F,M,6,0.816,11.51,6.6,7.91,39.97,27.31,-17.91,4.14,11/29/23,
19514,21755,10NFG6,NFG6,10,N,F,G,6,0.575,12.28,4.96,7.62,38.39,18.48,-18,3.72,11/29/23,
19515,21756,10NFM7,NFM7,10,N,F,M,7,1.082,10.88,8.28,8.06,40.74,36.92,-17.83,4.46,11/29/23,
19516,21757,10NFG7,NFG7,10,N,F,G,7,0.917,12.41,8,7.7,39.39,30.25,-17.56,3.78,11/29/23,
19517,21758,10NFM8,NFM8,10,N,F,M,8,1.398,10.58,10.39,7.57,39.73,46.51,-17.88,4.48,11/29/23,
19518,21759,10NFG8,NFG8,10,N,F,G,8,0.546,12.57,4.82,8.25,40.44,18.49,-18.12,3.83,11/29/23,
19519,21760,10NFM9,NFM9,10,N,F,M,9,0.788,9.44,5.23,8.1,38.88,25.66,-17.98,4.91,11/29/23,
19520,21761,10NFG9,NFG9,10,N,F,G,9,0.536,15.53,5.85,7.97,58.33,26.18,-17.87,4.47,11/29/23,
19521,21762,10CMM1,CMM1,10,C,M,M,1,0.779,9.11,4.99,8.37,29.74,19.4,-18.19,3.89,11/29/23,
19522,21763,10CMG1,CMG1,10,C,M,G,1,0.899,12.2,7.71,7,36.77,27.68,-18.19,3.59,11/29/23,
19523,21764,10CMM2,CMM2,10,C,M,M,2,1.094,11.89,9.14,7.77,38.91,35.64,-17.22,3.9,11/29/23,
19524,21765,10CMG2,CMG2,10,C,M,G,2,0.53,10.39,3.87,7.51,36.23,16.08,-18.06,4.15,11/29/23,
19525,21766,10CMM3,CMM3,10,C,M,M,3,0.706,10.69,5.3,7.63,39.48,23.34,-17.76,4.4,11/29/23,
19526,17320,Glutamic Acid,Glutamic Acid,,,,,,0.441,8.9,2.76,-5,40.12,14.81,-26.36,5.37,11/29/23,
19527,2992,Caffeine,Caffeine,,,,,,0.543,29.78,11.37,-12.28,49.01,22.28,-31,1.96,11/29/23,
19528,5676,Cod Meat,Cod Meat,,, ,,,1.016,14.22,10.16,13.28,45.47,38.69,-18.55,3.81,11/29/23,
19529,2999,HN4 2 SO4,Ammonium Sulfate,,, ,,,0.688,22.15,10.71,0.97,,,,,11/29/23,
19530,21768,10CMM4,CMM4,10,C,M,M,4,1.289,11.51,10.43,8.08,39.91,43.07,-17.02,4.13,11/29/23,
19531,21769,10CMG4,CMG4,10,C,M,G,4,1.115,10.94,8.57,7.74,34.62,32.32,-17.14,3.77,11/29/23,
19532,21770,10CFM5,CFM5,10,C,F,M,5,0.896,10.68,6.73,7.64,39.98,30,-17.74,4.46,11/29/23,
19533,21771,10CFG5,CFG5,10,C,F,G,5,1.1,11.5,8.89,7.63,37.33,34.39,-17.31,3.87,11/29/23,
19534,21772,10CFM6,CFM6,10,C,F,M,6,0.641,26.53,11.95,8.2,87.26,46.84,-16.96,3.92,11/29/23,
19535,21773,10CFG6,CFG6,10,C,F,G,6,1.204,11.95,10.11,7.56,38.66,38.98,-17.44,3.86,11/29/23,
19536,21774,10CFM7,CFM7,10,C,F,M,7,0.562,11.62,4.59,7.9,38.36,18.05,-17.59,3.93,11/29/23,
19537,21775,10CFG7,CFG7,10,C,F,G,7,0.563,30.2,11.95,8.06,106.34,50.13,-17.32,4.19,11/29/23,
19538,21776,10CFM8,CFM8,10,C,F,M,8,1.478,4.66,4.84,8.31,14.14,17.5,-17.45,3.61,11/29/23,
19539,21777,10CFG8,CFG8,10,C,F,G,8,0.743,13.32,6.96,8.13,40.43,25.15,-17.39,3.61,11/29/23,
19540,21778,10CFM9,CFM9,10,C,F,M,9,1.036,11.09,8.07,8.65,39.65,34.4,-17.1,4.26,11/29/23,
19541,21779,10CFG9,CFG9,10,C,F,G,9,0.984,12.97,8.97,8.45,40.51,33.38,-17.1,3.72,11/29/23,
19542,21780,10CFM10,CFM10,10,C,F,M,10,0.759,11.26,6.01,8.33,40.49,25.74,-17.63,4.28,11/29/23,
19543,21781,10CFG10,CFG10,10,C,F,G,10,0.584,13.19,5.41,8.21,39.75,19.44,-17.12,3.59,11/29/23,
19544,21782,10WMM1,WMM1,10,W,M,M,1,1.322,13.02,12.1,6.94,41.56,46.01,-17.59,3.8,11/29/23,
19545,21783,10WMG1,WMG1,10,W,M,G,1,1.226,11.96,10.31,6.16,37.37,38.36,-18.41,3.72,11/29/23,
19546,21784,10WMM2,WMM2,10,W,M,M,2,0.553,13.35,5.19,7.83,40.22,18.62,-17.7,3.59,11/29/23,
19547,2999,HN4 2 SO4,Ammonium Sulfate,,, ,,,0.768,22.1,11.93,1.04,,,,,11/29/23,
19548,17320,Glutamic Acid,Glutamic Acid,,,,,,0.641,9.56,4.31,-4.35,40.5,21.74,-26.27,5.05,11/29/23,
19549,2992,Caffeine,Caffeine,,,,,,0.179,29.95,3.77,-12.31,49.56,7.43,-30.9,1.97,11/29/23,
19550,5676,Cod Meat,Cod Meat,,,,,,0.569,14.5,5.8,13.96,44.76,21.33,-18.62,3.68,11/29/23,
19551,Bypass,Glutamic Acid,Glutamic Acid,,,,,,1.022,10.06,7.21,-4.13,41.76,35.41,-26.05,4.91,11/30/23,Check standard
19553,17320,Glutamic Acid,Glutamic Acid,,,,,,0.844,9.51,5.84,-4.49,40.78,28.59,-26.29,4.9,11/30/23,
19554,2992,Caffeine,Caffeine,,,,,,0.207,29.13,4.39,-11.97,49.11,8.45,-31.12,1.93,11/30/23,
19555,5676,Cod Standard,Cod Meat,,,,,,0.433,14.31,4.51,13.73,45.64,16.42,-18.71,3.64,11/30/23,
19556,2999,Ammonium Sulfate,Ammonium Sulfate,,,,,,0.739,21.26,11.43,0.49,,,,,11/30/23,
19557,21787,10WMG3,WMG3,10,W,M,G,3,0.638,12.32,5.72,6.41,36.52,19.35,-18.43,3.39,11/30/23,
19558,21788,10WMM4,WMM4,10,W,M,M,4,1.025,12.12,9.04,7.54,38.99,33.2,-17.66,3.67,11/30/23,
19559,21789,10WMG4,WMG4,10,W,M,G,4,0.926,11.64,7.84,6.13,37.67,28.98,-18.98,3.69,11/30/23,
19560,21790,10WMM5,WMM5,10,W,M,M,5,1.334,12.39,12.03,8.12,39.7,44,-17.96,3.66,11/30/23,
19561,21791,10WMG5,WMG5,10,W,M,G,5,1.299,10.45,9.87,6.97,33.85,36.52,-18.58,3.7,11/30/23,
19562,21792,10WFM6,WFM6,10,W,F,M,6,0.708,11.48,5.91,7.38,39.8,23.41,-17.24,3.96,11/30/23,
19563,21793,10WFG6,WFG6,10,W,F,G,6,0.829,12.47,7.52,7.88,41.28,28.42,-17.87,3.78,11/30/23,
19564,21794,10WFM7,WFM7,10,W,F,M,7,1.651,12.4,14.9,7.31,39.31,53.91,-16.91,3.62,11/30/23,
19565,21795,10WFG7,WFG7,10,W,F,G,7,0.555,11.97,4.83,6.86,40.25,18.56,-18.53,3.84,11/30/23,
19566,21796,10WFM8,WFM8,10,W,F,M,8,0.913,12.77,8.48,6.87,37.72,28.61,-17,3.37,11/30/23,
19567,21797,10WFG8,WFG8,10,W,F,G,8,1.203,10.62,9.29,6.77,36.05,36.03,-18.64,3.88,11/30/23,
19568,21798,10WFM9,WFM9,10,W,F,M,9,0.706,12.39,6.36,7.68,40.16,23.55,-17.49,3.7,11/30/23,
19569,21799,10WFG9,WFG9,10,W,F,G,9,0.997,12.5,9.06,7.16,39.31,32.56,-17.84,3.59,11/30/23,
19570,21800,10WFM10,WFM10,10,W,F,M,10,1.049,12.36,9.43,7.82,41.2,35.9,-17.22,3.81,11/30/23,
19571,21801,10WFG10,WFG10,10,W,F,G,10,0.878,13.03,8.32,7.38,41.38,30.18,-17.66,3.62,11/30/23,
19572,20625,Spur_W_T2_C1_Dr1 35-36,Spur_W_T2_C1_Dr1 35-36,,,,,,4.133,1.57,4.71,1.86,21.2,72.78,-18.16,15.45,11/30/23,Not sure what this is
19573,21804,8/14/23 Wild 1/4,8/14/23 Wild 1/4,8,WF,,F,,,0,1.3,4.15,0,16.04,-23.8,12.36,11/30/23,
19574,21807,9/12/23 Wild 1/8,9/12/23 Wild 1/8,9,WF,,F,,,0,0.86,2.91,0,7.58,-22.22,8.83,11/30/23,
19575,17320,Glutamic Acid,Glutamic Acid,,,,,,0.507,9.29,3.43,-4.87,40.64,17.12,-26.31,5,11/30/23,
19576,2992,Caffeine,Caffeine,,,,,,0.412,29.15,8.74,-12.14,49.05,16.79,-30.96,1.92,11/30/23,
19577,5676,Cod Standard,Cod Meat,,,,,,0.632,14.25,6.55,13.73,45.46,23.86,-18.73,3.64,11/30/23,
19578,2999,Ammonium Sulfate,Ammonium Sulfate,,,,,,0.676,21.09,10.37,0.53,,,,,11/30/23,
19579,21802,8/14/23 Cage filter 1/4,8/14/23 Cage filter 1/4,8,CF,,F,,,0,2.87,4.76,0,29.95,-24.32,10.45,11/30/23,
19580,21805,9/12/23 Cage filter 1/8,9/12/23 Cage filter 1/8,9,CF,,F,,,0,1.39,4.38,0,11.9,-21.49,8.54,11/30/23,
19581,21808,10/12/23 Cage filter 1/8,10/12/23 Cage filter 1/8,10,CF,,F,,,0,1.33,5.3,0,11.01,-20.32,8.25,11/30/23,
19582,21803,8/14/23 Net filter 1/4,8/14/23 Net filter 1/4,8,NF,,F,,,0,2.15,4.99,0,18.7,-20.36,8.7,11/30/23,
19583,21806,9/12/23 Net filter 1/4,9/12/23 Net filter 1/4,9,NF,,F,,,0,2.12,4.85,0,17.77,-20.99,8.39,11/30/23,
19584,21809,10/12/23 Net filter 1/4,10/12/23 Net filter 1/4,10,NF,,F,,,0,2.09,5.66,0,16.23,-20.41,7.76,11/30/23,
19585,21786,10WMM3,WMM3,10,W,M,M,3,0.876,11.46,7.3,7.46,39.57,28.79,-17.32,3.94,11/30/23,
19586,21810,10/12/23 Wild 1/8,10/12/23 Wild 1/8,10,WF,,F,,,0,1.22,4.59,0,9.91,-20.39,8.15,11/30/23,
19587,21710,9CMM4,CMM4,9,C,M,M,4,1.009,10.49,7.7,7.87,38.8,32.52,-17.48,4.22,11/30/23,
19588,21729,9WMG3,WMG3,9,W,M,G,3,0.997,9.9,7.18,7.43,39.1,32.38,-19.34,4.51,11/30/23,
19589,21747,10NMG2,NMG2,10,N,M,G,2,0.546,13.99,5.56,7.36,39.59,17.96,-17.83,3.23,11/30/23,
19590,21748,10NMM3,NMM3,10,N,M,M,3,0.51,10.15,3.77,8.36,39.39,16.69,-18.04,4.43,11/30/23,
19591,21767,10CMG3,CMG3,10,C,M,G,3,0.337,11.86,2.91,7.4,38.55,10.79,-17.42,3.71,11/30/23,
19592,21785,10WMG2,WMG2,10,W,M,G,2,0.769,12.91,7.22,5.88,38.78,24.77,-18.68,3.43,11/30/23,
19593,2999,Ammonium Sulfate,Ammonium Sulfate,,,,,,0.871,21.09,13.37,0.51,,,,,11/30/23,
19594,17320,Glutamic Acid,Glutamic Acid,,,,,,0.371,8.87,2.39,-4.67,40.51,12.48,-26.27,5.21,11/30/23,
19595,2992,Caffeine,Caffeine,,,,,,0.537,28.92,11.3,-12.66,48.75,21.75,-30.98,1.92,11/30/23,
19596,5676,Cod Standard,Cod Meat,,,,,,0.738,14.14,7.59,13.66,45.4,27.84,-18.59,3.67,11/30/23,